<?xml version="1.0" encoding="ISO-8859-1" ?>
<?xml-stylesheet type="text/xsl" href="drcss.xsl"?>
<drcreport>
  <header>project1</header>
  <drc>
    <status>C:\Microsemi\Libero_v11.5\Designer/data/drcreport\warn.png</status>
    <StatusMessage>Warning</StatusMessage>
    <message>Floating Driver</message>
    <detail>Floating output pin project1:SW</detail>
    <crossprobe>liberoaction://cross_probe/smartdesign/project1/pins/project1:SW</crossprobe>
  </drc>
  <drc>
    <status>C:\Microsemi\Libero_v11.5\Designer/data/drcreport\error.png</status>
    <StatusMessage>Error</StatusMessage>
    <message>Undriven Pin</message>
    <detail>Unconnected input pin LEDOUT</detail>
    <crossprobe>liberoaction://cross_probe/smartdesign/project1/pins/project1:LEDOUT</crossprobe>
  </drc>
</drcreport>
